{
    "description":  "",
    "installCommandLine":  "",
    "InstallFile":  "",
    "Version":  "",
    "Type": "",
    "minimumSupportedWindowsRelease":  "W10_2004",
    "rules":  {
        "ruleType": "detection",
        "check32BitOn64System": false,
        "keyPath": "HKEY_LOCAL_MACHINE\\SOFTWARE\\scloud\\Packages\\AppName",
        "valueName": "Version",
        "operationType": "string",
        "operator": "equal",
        "comparisonValue": "xx"
    },
    "uninstallCommandLine":  "",
    "publisher":  "scloud",
    "installExperience":  {
                              "deviceRestartBehavior":  "suppress",
                              "runAsAccount":  "system"
                          },
    "applicableArchitectures":  "x64",
    "displayName":  ""
}
